id,customer_id,merchant_id,status,created_at,updated_at
1,3,1,shipped,2014-12-12 09:54:09 UTC,2012-03-25 09:54:09 UTC
2,3,1,shipped,2014-12-12 05:54:09 UTC,2012-03-12 05:54:09 UTC
3,4,1,shipped,2012-03-10 00:54:09 UTC,2012-03-10 00:54:09 UTC
4,4,1,shipped,2012-03-24 15:54:10 UTC,2012-03-24 15:54:10 UTC
5,5,1,shipped,2014-12-01 19:54:10 UTC,2012-03-07 19:54:10 UTC
6,1,1,shipped,2012-03-09 01:54:10 UTC,2012-03-09 01:54:10 UTC
7,3,3,shipped,2014-12-12 21:54:10 UTC,2012-03-07 21:54:10 UTC
8,3,3,shipped,2014-12-12 16:54:10 UTC,2012-03-13 16:54:10 UTC
9,3,3,shipped,2012-03-07 12:54:10 UTC,2012-03-07 12:54:10 UTC
10,4,1,shipped,2012-03-06 21:54:10 UTC,2012-03-06 21:54:10 UTC
11,1,2,shipped,2014-12-12 16:54:10 UTC,2012-03-13 16:54:10 UTC
12,2,2,shipped,2012-03-03 12:54:10 UTC,2012-03-07 12:54:10 UTC
13,3,2,shipped,2012-03-03 21:54:10 UTC,2012-03-06 21:54:10 UTC
99,3,2,shipped,2014-12-12 09:54:09 UTC,2012-03-25 09:54:09 UTC